name,value,domain
BETBOOK_LANGUAGE,ru,gra-live.com
LID,bb056446-e332-4d6a-a7d6-e1d4aaadc917_nt,.gra-live.com
PARISESSID,1717271736.807.866.882033,gra-live.com
SessionKey,b0fd721c-5285-47a6-882a-d7966b55354b,.gra-live.com
_ga,GA1.1.1515445619.1717004177,.gra-live.com
_ga_R7FNVBZ741,GS1.1.1717278929.29.1.1717278932.0.0.0,.gra-live.com
_gasid,1717278929,gra-live.com
_masid,139abde7eccea1c674710d61e3f3e37b,gra-live.com
_omappvp,5e2A6i1kzkWzOWAYksiZsz4sr98ChBXFdUgtABRo6RcpzEgSySvy1WgwsKlQ7gTypdhZC3j9lVPoCYJzS80u6QVHFOftT3qc,gra-live.com
_sp_id.17d9,80fff812-50c9-4798-9743-88236bea2d4e.1717004175.39.1717278932.1717271770.6653c2cf-f08f-46aa-b332-f6854d922c61.e4c32e1f-4bcb-44ad-b403-51e0cb190b80.b74578ea-f4bf-420a-9ab2-34e178bb200f.1717278929425.7,gra-live.com
_sp_ses.17d9,*,gra-live.com
accountNumber,657134150,.gra-live.com
bdata,TRUE,gra-live.com
datadome,a9rJGMVBE4YuG4ls34mf7DXJbyS6kCakVSFpu~p3rx6sMfVrFoUXBD8hfga4NLzQamAH0AEhdlJqgB2ZfrJRzxVQc1DSKrept6VmQ2wxtRMbrR2d0OOu3IojHXGLiDkd,.gra-live.com
dhash,08d3dcdc-e647-402f-9fef-8738341c87d6,.gra-live.com
dt,6fafcd960aa1211e3d3171febdd6844b,.gra-live.com
entrance_url,https://gra-live.com/ru/e-sports/live,.gra-live.com
fuid,1.49197473,gra-live.com
hspmssn,TRUE,.gra-live.com
isEP,TRUE,.gra-live.com
org,direct,.gra-live.com
org_t,1.72E+12,.gra-live.com
registerUrl,https://gra-live.com/ru/events/spirit-vitality-11406800,.gra-live.com
sourceUrl,https://gra-live.com/ru/withdraw?source_type=my_account,.gra-live.com